date,year,month,country,arrivals,avg_temperature,rainfall_mm
2019-01-01,2019,1,India,28958,27,50
2019-01-01,2019,1,China,23982,27,50
2019-01-01,2019,1,United Kingdom,22724,27,50
2019-01-01,2019,1,Germany,18939,27,50
2019-01-01,2019,1,France,18883,27,50
2019-01-01,2019,1,United States,17941,27,50
2019-01-01,2019,1,Australia,15361,27,50
2019-01-01,2019,1,Russia,20802,27,50
2019-01-01,2019,1,Japan,17929,27,50
2019-01-01,2019,1,Maldives,13342,27,50
2019-01-01,2019,1,Netherlands,12789,27,50
2019-01-01,2019,1,Switzerland,12140,27,50
2019-01-01,2019,1,Italy,9502,27,50
2019-01-01,2019,1,Canada,10112,27,50
2019-01-01,2019,1,UAE,8206,27,50
2019-02-01,2019,2,India,21904,27,50
2019-02-01,2019,2,China,27970,27,50
2019-02-01,2019,2,United Kingdom,26671,27,50
2019-02-01,2019,2,Germany,26195,27,50
2019-02-01,2019,2,France,18140,27,50
2019-02-01,2019,2,United States,23966,27,50
2019-02-01,2019,2,Australia,19050,27,50
2019-02-01,2019,2,Russia,16081,27,50
2019-02-01,2019,2,Japan,13757,27,50
2019-02-01,2019,2,Maldives,12923,27,50
2019-02-01,2019,2,Netherlands,11324,27,50
2019-02-01,2019,2,Switzerland,11666,27,50
2019-02-01,2019,2,Italy,10022,27,50
2019-02-01,2019,2,Canada,8326,27,50
2019-02-01,2019,2,UAE,6696,27,50
2019-03-01,2019,3,India,31099,28,50
2019-03-01,2019,3,China,26642,28,50
2019-03-01,2019,3,United Kingdom,21602,28,50
2019-03-01,2019,3,Germany,22707,28,50
2019-03-01,2019,3,France,18359,28,50
2019-03-01,2019,3,United States,17979,28,50
2019-03-01,2019,3,Australia,16858,28,50
2019-03-01,2019,3,Russia,15966,28,50
2019-03-01,2019,3,Japan,14669,28,50
2019-03-01,2019,3,Maldives,14974,28,50
2019-03-01,2019,3,Netherlands,12235,28,50
2019-03-01,2019,3,Switzerland,14275,28,50
2019-03-01,2019,3,Italy,10418,28,50
2019-03-01,2019,3,Canada,7577,28,50
2019-03-01,2019,3,UAE,8517,28,50
2019-04-01,2019,4,India,16780,28,50
2019-04-01,2019,4,China,16435,28,50
2019-04-01,2019,4,United Kingdom,13689,28,50
2019-04-01,2019,4,Germany,14672,28,50
2019-04-01,2019,4,France,12236,28,50
2019-04-01,2019,4,United States,9359,28,50
2019-04-01,2019,4,Australia,10666,28,50
2019-04-01,2019,4,Russia,10075,28,50
2019-04-01,2019,4,Japan,7804,28,50
2019-04-01,2019,4,Maldives,8338,28,50
2019-04-01,2019,4,Netherlands,7081,28,50
2019-04-01,2019,4,Switzerland,6723,28,50
2019-04-01,2019,4,Italy,6986,28,50
2019-04-01,2019,4,Canada,4573,28,50
2019-04-01,2019,4,UAE,4442,28,50
2019-05-01,2019,5,India,8413,28,250
2019-05-01,2019,5,China,8071,28,250
2019-05-01,2019,5,United Kingdom,7057,28,250
2019-05-01,2019,5,Germany,7732,28,250
2019-05-01,2019,5,France,7872,28,250
2019-05-01,2019,5,United States,5838,28,250
2019-05-01,2019,5,Australia,5756,28,250
2019-05-01,2019,5,Russia,6839,28,250
2019-05-01,2019,5,Japan,5875,28,250
2019-05-01,2019,5,Maldives,4193,28,250
2019-05-01,2019,5,Netherlands,4409,28,250
2019-05-01,2019,5,Switzerland,3781,28,250
2019-05-01,2019,5,Italy,3607,28,250
2019-05-01,2019,5,Canada,2520,28,250
2019-05-01,2019,5,UAE,2210,28,250
2019-06-01,2019,6,India,10253,26,100
2019-06-01,2019,6,China,7105,26,100
2019-06-01,2019,6,United Kingdom,7351,26,100
2019-06-01,2019,6,Germany,8429,26,100
2019-06-01,2019,6,France,8046,26,100
2019-06-01,2019,6,United States,7238,26,100
2019-06-01,2019,6,Australia,7462,26,100
2019-06-01,2019,6,Russia,4864,26,100
2019-06-01,2019,6,Japan,4782,26,100
2019-06-01,2019,6,Maldives,5791,26,100
2019-06-01,2019,6,Netherlands,4512,26,100
2019-06-01,2019,6,Switzerland,4233,26,100
2019-06-01,2019,6,Italy,3868,26,100
2019-06-01,2019,6,Canada,2934,26,100
2019-06-01,2019,6,UAE,3142,26,100
2019-07-01,2019,7,India,9189,26,50
2019-07-01,2019,7,China,8976,26,50
2019-07-01,2019,7,United Kingdom,9658,26,50
2019-07-01,2019,7,Germany,6439,26,50
2019-07-01,2019,7,France,8021,26,50
2019-07-01,2019,7,United States,7871,26,50
2019-07-01,2019,7,Australia,5793,26,50
2019-07-01,2019,7,Russia,4885,26,50
2019-07-01,2019,7,Japan,6400,26,50
2019-07-01,2019,7,Maldives,4875,26,50
2019-07-01,2019,7,Netherlands,4577,26,50
2019-07-01,2019,7,Switzerland,4047,26,50
2019-07-01,2019,7,Italy,3879,26,50
2019-07-01,2019,7,Canada,3024,26,50
2019-07-01,2019,7,UAE,2572,26,50
2019-08-01,2019,8,India,10202,26,50
2019-08-01,2019,8,China,7582,26,50
2019-08-01,2019,8,United Kingdom,9442,26,50
2019-08-01,2019,8,Germany,6366,26,50
2019-08-01,2019,8,France,8420,26,50
2019-08-01,2019,8,United States,7945,26,50
2019-08-01,2019,8,Australia,6020,26,50
2019-08-01,2019,8,Russia,5831,26,50
2019-08-01,2019,8,Japan,5977,26,50
2019-08-01,2019,8,Maldives,5107,26,50
2019-08-01,2019,8,Netherlands,4399,26,50
2019-08-01,2019,8,Switzerland,3274,26,50
2019-08-01,2019,8,Italy,3507,26,50
2019-08-01,2019,8,Canada,3468,26,50
2019-08-01,2019,8,UAE,3126,26,50
2019-09-01,2019,9,India,7392,27,100
2019-09-01,2019,9,China,8396,27,100
2019-09-01,2019,9,United Kingdom,8545,27,100
2019-09-01,2019,9,Germany,7971,27,100
2019-09-01,2019,9,France,6032,27,100
2019-09-01,2019,9,United States,7834,27,100
2019-09-01,2019,9,Australia,6203,27,100
2019-09-01,2019,9,Russia,6739,27,100
2019-09-01,2019,9,Japan,4906,27,100
2019-09-01,2019,9,Maldives,4372,27,100
2019-09-01,2019,9,Netherlands,4130,27,100
2019-09-01,2019,9,Switzerland,3750,27,100
2019-09-01,2019,9,Italy,3359,27,100
2019-09-01,2019,9,Canada,3110,27,100
2019-09-01,2019,9,UAE,3137,27,100
2019-10-01,2019,10,India,16296,27,250
2019-10-01,2019,10,China,15436,27,250
2019-10-01,2019,10,United Kingdom,15147,27,250
2019-10-01,2019,10,Germany,11377,27,250
2019-10-01,2019,10,France,13724,27,250
2019-10-01,2019,10,United States,10628,27,250
2019-10-01,2019,10,Australia,12113,27,250
2019-10-01,2019,10,Russia,9751,27,250
2019-10-01,2019,10,Japan,9419,27,250
2019-10-01,2019,10,Maldives,8076,27,250
2019-10-01,2019,10,Netherlands,8549,27,250
2019-10-01,2019,10,Switzerland,7530,27,250
2019-10-01,2019,10,Italy,5544,27,250
2019-10-01,2019,10,Canada,5840,27,250
2019-10-01,2019,10,UAE,4188,27,250
2019-11-01,2019,11,India,14488,27,250
2019-11-01,2019,11,China,11729,27,250
2019-11-01,2019,11,United Kingdom,13632,27,250
2019-11-01,2019,11,Germany,11379,27,250
2019-11-01,2019,11,France,12301,27,250
2019-11-01,2019,11,United States,11456,27,250
2019-11-01,2019,11,Australia,11154,27,250
2019-11-01,2019,11,Russia,11353,27,250
2019-11-01,2019,11,Japan,9253,27,250
2019-11-01,2019,11,Maldives,8095,27,250
2019-11-01,2019,11,Netherlands,6908,27,250
2019-11-01,2019,11,Switzerland,6444,27,250
2019-11-01,2019,11,Italy,4861,27,250
2019-11-01,2019,11,Canada,5258,27,250
2019-11-01,2019,11,UAE,5107,27,250
2019-12-01,2019,12,India,29125,27,50
2019-12-01,2019,12,China,28272,27,50
2019-12-01,2019,12,United Kingdom,25992,27,50
2019-12-01,2019,12,Germany,20272,27,50
2019-12-01,2019,12,France,19154,27,50
2019-12-01,2019,12,United States,23040,27,50
2019-12-01,2019,12,Australia,17365,27,50
2019-12-01,2019,12,Russia,18424,27,50
2019-12-01,2019,12,Japan,15320,27,50
2019-12-01,2019,12,Maldives,12115,27,50
2019-12-01,2019,12,Netherlands,15242,27,50
2019-12-01,2019,12,Switzerland,14537,27,50
2019-12-01,2019,12,Italy,8752,27,50
2019-12-01,2019,12,Canada,9035,27,50
2019-12-01,2019,12,UAE,8233,27,50
2020-01-01,2020,1,India,20280,27,50
2020-01-01,2020,1,China,16994,27,50
2020-01-01,2020,1,United Kingdom,20266,27,50
2020-01-01,2020,1,Germany,21439,27,50
2020-01-01,2020,1,France,14429,27,50
2020-01-01,2020,1,United States,17583,27,50
2020-01-01,2020,1,Australia,17745,27,50
2020-01-01,2020,1,Russia,12347,27,50
2020-01-01,2020,1,Japan,14811,27,50
2020-01-01,2020,1,Maldives,12482,27,50
2020-01-01,2020,1,Netherlands,12575,27,50
2020-01-01,2020,1,Switzerland,11144,27,50
2020-01-01,2020,1,Italy,8317,27,50
2020-01-01,2020,1,Canada,8591,27,50
2020-01-01,2020,1,UAE,6881,27,50
2020-02-01,2020,2,India,19236,27,50
2020-02-01,2020,2,China,17705,27,50
2020-02-01,2020,2,United Kingdom,16191,27,50
2020-02-01,2020,2,Germany,20902,27,50
2020-02-01,2020,2,France,17603,27,50
2020-02-01,2020,2,United States,13887,27,50
2020-02-01,2020,2,Australia,16585,27,50
2020-02-01,2020,2,Russia,14509,27,50
2020-02-01,2020,2,Japan,10578,27,50
2020-02-01,2020,2,Maldives,13521,27,50
2020-02-01,2020,2,Netherlands,11414,27,50
2020-02-01,2020,2,Switzerland,8180,27,50
2020-02-01,2020,2,Italy,9634,27,50
2020-02-01,2020,2,Canada,8330,27,50
2020-02-01,2020,2,UAE,5719,27,50
2020-03-01,2020,3,India,1323,28,50
2020-03-01,2020,3,China,1317,28,50
2020-03-01,2020,3,United Kingdom,1235,28,50
2020-03-01,2020,3,Germany,1255,28,50
2020-03-01,2020,3,France,1280,28,50
2020-03-01,2020,3,United States,921,28,50
2020-03-01,2020,3,Australia,812,28,50
2020-03-01,2020,3,Russia,998,28,50
2020-03-01,2020,3,Japan,741,28,50
2020-03-01,2020,3,Maldives,823,28,50
2020-03-01,2020,3,Netherlands,682,28,50
2020-03-01,2020,3,Switzerland,503,28,50
2020-03-01,2020,3,Italy,547,28,50
2020-03-01,2020,3,Canada,421,28,50
2020-03-01,2020,3,UAE,355,28,50
2020-04-01,2020,4,India,722,28,50
2020-04-01,2020,4,China,799,28,50
2020-04-01,2020,4,United Kingdom,800,28,50
2020-04-01,2020,4,Germany,675,28,50
2020-04-01,2020,4,France,535,28,50
2020-04-01,2020,4,United States,660,28,50
2020-04-01,2020,4,Australia,532,28,50
2020-04-01,2020,4,Russia,476,28,50
2020-04-01,2020,4,Japan,368,28,50
2020-04-01,2020,4,Maldives,384,28,50
2020-04-01,2020,4,Netherlands,445,28,50
2020-04-01,2020,4,Switzerland,348,28,50
2020-04-01,2020,4,Italy,359,28,50
2020-04-01,2020,4,Canada,248,28,50
2020-04-01,2020,4,UAE,244,28,50
2020-05-01,2020,5,India,362,28,250
2020-05-01,2020,5,China,416,28,250
2020-05-01,2020,5,United Kingdom,368,28,250
2020-05-01,2020,5,Germany,447,28,250
2020-05-01,2020,5,France,311,28,250
2020-05-01,2020,5,United States,329,28,250
2020-05-01,2020,5,Australia,311,28,250
2020-05-01,2020,5,Russia,316,28,250
2020-05-01,2020,5,Japan,310,28,250
2020-05-01,2020,5,Maldives,264,28,250
2020-05-01,2020,5,Netherlands,220,28,250
2020-05-01,2020,5,Switzerland,241,28,250
2020-05-01,2020,5,Italy,215,28,250
2020-05-01,2020,5,Canada,185,28,250
2020-05-01,2020,5,UAE,121,28,250
2020-06-01,2020,6,India,464,26,100
2020-06-01,2020,6,China,378,26,100
2020-06-01,2020,6,United Kingdom,357,26,100
2020-06-01,2020,6,Germany,358,26,100
2020-06-01,2020,6,France,349,26,100
2020-06-01,2020,6,United States,274,26,100
2020-06-01,2020,6,Australia,307,26,100
2020-06-01,2020,6,Russia,248,26,100
2020-06-01,2020,6,Japan,223,26,100
2020-06-01,2020,6,Maldives,218,26,100
2020-06-01,2020,6,Netherlands,236,26,100
2020-06-01,2020,6,Switzerland,237,26,100
2020-06-01,2020,6,Italy,186,26,100
2020-06-01,2020,6,Canada,188,26,100
2020-06-01,2020,6,UAE,146,26,100
2020-07-01,2020,7,India,397,26,50
2020-07-01,2020,7,China,344,26,50
2020-07-01,2020,7,United Kingdom,474,26,50
2020-07-01,2020,7,Germany,372,26,50
2020-07-01,2020,7,France,427,26,50
2020-07-01,2020,7,United States,292,26,50
2020-07-01,2020,7,Australia,265,26,50
2020-07-01,2020,7,Russia,239,26,50
2020-07-01,2020,7,Japan,299,26,50
2020-07-01,2020,7,Maldives,207,26,50
2020-07-01,2020,7,Netherlands,251,26,50
2020-07-01,2020,7,Switzerland,169,26,50
2020-07-01,2020,7,Italy,149,26,50
2020-07-01,2020,7,Canada,182,26,50
2020-07-01,2020,7,UAE,117,26,50
2020-08-01,2020,8,India,461,26,50
2020-08-01,2020,8,China,458,26,50
2020-08-01,2020,8,United Kingdom,388,26,50
2020-08-01,2020,8,Germany,413,26,50
2020-08-01,2020,8,France,426,26,50
2020-08-01,2020,8,United States,274,26,50
2020-08-01,2020,8,Australia,369,26,50
2020-08-01,2020,8,Russia,280,26,50
2020-08-01,2020,8,Japan,321,26,50
2020-08-01,2020,8,Maldives,252,26,50
2020-08-01,2020,8,Netherlands,211,26,50
2020-08-01,2020,8,Switzerland,219,26,50
2020-08-01,2020,8,Italy,160,26,50
2020-08-01,2020,8,Canada,167,26,50
2020-08-01,2020,8,UAE,157,26,50
2020-09-01,2020,9,India,464,27,100
2020-09-01,2020,9,China,348,27,100
2020-09-01,2020,9,United Kingdom,437,27,100
2020-09-01,2020,9,Germany,401,27,100
2020-09-01,2020,9,France,354,27,100
2020-09-01,2020,9,United States,320,27,100
2020-09-01,2020,9,Australia,368,27,100
2020-09-01,2020,9,Russia,248,27,100
2020-09-01,2020,9,Japan,234,27,100
2020-09-01,2020,9,Maldives,232,27,100
2020-09-01,2020,9,Netherlands,260,27,100
2020-09-01,2020,9,Switzerland,226,27,100
2020-09-01,2020,9,Italy,159,27,100
2020-09-01,2020,9,Canada,154,27,100
2020-09-01,2020,9,UAE,115,27,100
2020-10-01,2020,10,India,863,27,250
2020-10-01,2020,10,China,776,27,250
2020-10-01,2020,10,United Kingdom,797,27,250
2020-10-01,2020,10,Germany,693,27,250
2020-10-01,2020,10,France,496,27,250
2020-10-01,2020,10,United States,665,27,250
2020-10-01,2020,10,Australia,620,27,250
2020-10-01,2020,10,Russia,448,27,250
2020-10-01,2020,10,Japan,538,27,250
2020-10-01,2020,10,Maldives,451,27,250
2020-10-01,2020,10,Netherlands,427,27,250
2020-10-01,2020,10,Switzerland,336,27,250
2020-10-01,2020,10,Italy,241,27,250
2020-10-01,2020,10,Canada,268,27,250
2020-10-01,2020,10,UAE,215,27,250
2020-11-01,2020,11,India,718,27,250
2020-11-01,2020,11,China,768,27,250
2020-11-01,2020,11,United Kingdom,582,27,250
2020-11-01,2020,11,Germany,611,27,250
2020-11-01,2020,11,France,501,27,250
2020-11-01,2020,11,United States,595,27,250
2020-11-01,2020,11,Australia,597,27,250
2020-11-01,2020,11,Russia,437,27,250
2020-11-01,2020,11,Japan,505,27,250
2020-11-01,2020,11,Maldives,403,27,250
2020-11-01,2020,11,Netherlands,303,27,250
2020-11-01,2020,11,Switzerland,328,27,250
2020-11-01,2020,11,Italy,285,27,250
2020-11-01,2020,11,Canada,289,27,250
2020-11-01,2020,11,UAE,225,27,250
2020-12-01,2020,12,India,1395,27,50
2020-12-01,2020,12,China,1098,27,50
2020-12-01,2020,12,United Kingdom,1190,27,50
2020-12-01,2020,12,Germany,1013,27,50
2020-12-01,2020,12,France,1159,27,50
2020-12-01,2020,12,United States,1202,27,50
2020-12-01,2020,12,Australia,1023,27,50
2020-12-01,2020,12,Russia,1037,27,50
2020-12-01,2020,12,Japan,700,27,50
2020-12-01,2020,12,Maldives,678,27,50
2020-12-01,2020,12,Netherlands,662,27,50
2020-12-01,2020,12,Switzerland,564,27,50
2020-12-01,2020,12,Italy,456,27,50
2020-12-01,2020,12,Canada,379,27,50
2020-12-01,2020,12,UAE,474,27,50
2021-01-01,2021,1,India,5999,27,50
2021-01-01,2021,1,China,4963,27,50
2021-01-01,2021,1,United Kingdom,5347,27,50
2021-01-01,2021,1,Germany,4461,27,50
2021-01-01,2021,1,France,4166,27,50
2021-01-01,2021,1,United States,3721,27,50
2021-01-01,2021,1,Australia,4961,27,50
2021-01-01,2021,1,Russia,4579,27,50
2021-01-01,2021,1,Japan,3215,27,50
2021-01-01,2021,1,Maldives,3914,27,50
2021-01-01,2021,1,Netherlands,3328,27,50
2021-01-01,2021,1,Switzerland,2901,27,50
2021-01-01,2021,1,Italy,2537,27,50
2021-01-01,2021,1,Canada,2189,27,50
2021-01-01,2021,1,UAE,1656,27,50
2021-02-01,2021,2,India,5858,27,50
2021-02-01,2021,2,China,5144,27,50
2021-02-01,2021,2,United Kingdom,6167,27,50
2021-02-01,2021,2,Germany,5962,27,50
2021-02-01,2021,2,France,6243,27,50
2021-02-01,2021,2,United States,5765,27,50
2021-02-01,2021,2,Australia,4784,27,50
2021-02-01,2021,2,Russia,3642,27,50
2021-02-01,2021,2,Japan,4790,27,50
2021-02-01,2021,2,Maldives,3180,27,50
2021-02-01,2021,2,Netherlands,3184,27,50
2021-02-01,2021,2,Switzerland,3119,27,50
2021-02-01,2021,2,Italy,2997,27,50
2021-02-01,2021,2,Canada,2514,27,50
2021-02-01,2021,2,UAE,1891,27,50
2021-03-01,2021,3,India,8614,28,50
2021-03-01,2021,3,China,6015,28,50
2021-03-01,2021,3,United Kingdom,6752,28,50
2021-03-01,2021,3,Germany,7009,28,50
2021-03-01,2021,3,France,5177,28,50
2021-03-01,2021,3,United States,4598,28,50
2021-03-01,2021,3,Australia,5283,28,50
2021-03-01,2021,3,Russia,4441,28,50
2021-03-01,2021,3,Japan,5287,28,50
2021-03-01,2021,3,Maldives,4571,28,50
2021-03-01,2021,3,Netherlands,3509,28,50
2021-03-01,2021,3,Switzerland,3695,28,50
2021-03-01,2021,3,Italy,2675,28,50
2021-03-01,2021,3,Canada,2441,28,50
2021-03-01,2021,3,UAE,2135,28,50
2021-04-01,2021,4,India,4906,28,50
2021-04-01,2021,4,China,4491,28,50
2021-04-01,2021,4,United Kingdom,3283,28,50
2021-04-01,2021,4,Germany,3685,28,50
2021-04-01,2021,4,France,3480,28,50
2021-04-01,2021,4,United States,3681,28,50
2021-04-01,2021,4,Australia,2533,28,50
2021-04-01,2021,4,Russia,2610,28,50
2021-04-01,2021,4,Japan,2340,28,50
2021-04-01,2021,4,Maldives,2351,28,50
2021-04-01,2021,4,Netherlands,2550,28,50
2021-04-01,2021,4,Switzerland,2102,28,50
2021-04-01,2021,4,Italy,1932,28,50
2021-04-01,2021,4,Canada,1525,28,50
2021-04-01,2021,4,UAE,1608,28,50
2021-05-01,2021,5,India,2720,28,250
2021-05-01,2021,5,China,2672,28,250
2021-05-01,2021,5,United Kingdom,2384,28,250
2021-05-01,2021,5,Germany,2951,28,250
2021-05-01,2021,5,France,2218,28,250
2021-05-01,2021,5,United States,2294,28,250
2021-05-01,2021,5,Australia,1643,28,250
2021-05-01,2021,5,Russia,1673,28,250
2021-05-01,2021,5,Japan,1538,28,250
2021-05-01,2021,5,Maldives,1770,28,250
2021-05-01,2021,5,Netherlands,1243,28,250
2021-05-01,2021,5,Switzerland,1409,28,250
2021-05-01,2021,5,Italy,1000,28,250
2021-05-01,2021,5,Canada,848,28,250
2021-05-01,2021,5,UAE,948,28,250
2021-06-01,2021,6,India,3728,26,100
2021-06-01,2021,6,China,2526,26,100
2021-06-01,2021,6,United Kingdom,2709,26,100
2021-06-01,2021,6,Germany,3161,26,100
2021-06-01,2021,6,France,2202,26,100
2021-06-01,2021,6,United States,2055,26,100
2021-06-01,2021,6,Australia,2493,26,100
2021-06-01,2021,6,Russia,2042,26,100
2021-06-01,2021,6,Japan,2129,26,100
2021-06-01,2021,6,Maldives,1537,26,100
2021-06-01,2021,6,Netherlands,1597,26,100
2021-06-01,2021,6,Switzerland,1413,26,100
2021-06-01,2021,6,Italy,1503,26,100
2021-06-01,2021,6,Canada,1266,26,100
2021-06-01,2021,6,UAE,1059,26,100
2021-07-01,2021,7,India,3531,26,50
2021-07-01,2021,7,China,3391,26,50
2021-07-01,2021,7,United Kingdom,2866,26,50
2021-07-01,2021,7,Germany,2373,26,50
2021-07-01,2021,7,France,3158,26,50
2021-07-01,2021,7,United States,2529,26,50
2021-07-01,2021,7,Australia,2380,26,50
2021-07-01,2021,7,Russia,2267,26,50
2021-07-01,2021,7,Japan,2132,26,50
2021-07-01,2021,7,Maldives,1584,26,50
2021-07-01,2021,7,Netherlands,1701,26,50
2021-07-01,2021,7,Switzerland,1676,26,50
2021-07-01,2021,7,Italy,1605,26,50
2021-07-01,2021,7,Canada,1168,26,50
2021-07-01,2021,7,UAE,971,26,50
2021-08-01,2021,8,India,3338,26,50
2021-08-01,2021,8,China,4103,26,50
2021-08-01,2021,8,United Kingdom,3855,26,50
2021-08-01,2021,8,Germany,2562,26,50
2021-08-01,2021,8,France,2711,26,50
2021-08-01,2021,8,United States,2682,26,50
2021-08-01,2021,8,Australia,2289,26,50
2021-08-01,2021,8,Russia,2332,26,50
2021-08-01,2021,8,Japan,2488,26,50
2021-08-01,2021,8,Maldives,2361,26,50
2021-08-01,2021,8,Netherlands,1934,26,50
2021-08-01,2021,8,Switzerland,1546,26,50
2021-08-01,2021,8,Italy,1685,26,50
2021-08-01,2021,8,Canada,1294,26,50
2021-08-01,2021,8,UAE,1126,26,50
2021-09-01,2021,9,India,3864,27,100
2021-09-01,2021,9,China,3150,27,100
2021-09-01,2021,9,United Kingdom,3911,27,100
2021-09-01,2021,9,Germany,3443,27,100
2021-09-01,2021,9,France,3326,27,100
2021-09-01,2021,9,United States,2555,27,100
2021-09-01,2021,9,Australia,2970,27,100
2021-09-01,2021,9,Russia,2745,27,100
2021-09-01,2021,9,Japan,1885,27,100
2021-09-01,2021,9,Maldives,2460,27,100
2021-09-01,2021,9,Netherlands,1953,27,100
2021-09-01,2021,9,Switzerland,1723,27,100
2021-09-01,2021,9,Italy,1439,27,100
2021-09-01,2021,9,Canada,1466,27,100
2021-09-01,2021,9,UAE,1000,27,100
2021-10-01,2021,10,India,6138,27,250
2021-10-01,2021,10,China,6884,27,250
2021-10-01,2021,10,United Kingdom,5991,27,250
2021-10-01,2021,10,Germany,5144,27,250
2021-10-01,2021,10,France,6151,27,250
2021-10-01,2021,10,United States,5911,27,250
2021-10-01,2021,10,Australia,4254,27,250
2021-10-01,2021,10,Russia,4040,27,250
2021-10-01,2021,10,Japan,3529,27,250
2021-10-01,2021,10,Maldives,3058,27,250
2021-10-01,2021,10,Netherlands,3093,27,250
2021-10-01,2021,10,Switzerland,3307,27,250
2021-10-01,2021,10,Italy,2546,27,250
2021-10-01,2021,10,Canada,2106,27,250
2021-10-01,2021,10,UAE,1899,27,250
2021-11-01,2021,11,India,8424,27,250
2021-11-01,2021,11,China,7053,27,250
2021-11-01,2021,11,United Kingdom,7577,27,250
2021-11-01,2021,11,Germany,5030,27,250
2021-11-01,2021,11,France,6765,27,250
2021-11-01,2021,11,United States,5100,27,250
2021-11-01,2021,11,Australia,5553,27,250
2021-11-01,2021,11,Russia,4124,27,250
2021-11-01,2021,11,Japan,4742,27,250
2021-11-01,2021,11,Maldives,3492,27,250
2021-11-01,2021,11,Netherlands,2862,27,250
2021-11-01,2021,11,Switzerland,3020,27,250
2021-11-01,2021,11,Italy,2463,27,250
2021-11-01,2021,11,Canada,2991,27,250
2021-11-01,2021,11,UAE,1854,27,250
2021-12-01,2021,12,India,13919,27,50
2021-12-01,2021,12,China,12150,27,50
2021-12-01,2021,12,United Kingdom,14130,27,50
2021-12-01,2021,12,Germany,12081,27,50
2021-12-01,2021,12,France,9899,27,50
2021-12-01,2021,12,United States,10113,27,50
2021-12-01,2021,12,Australia,9481,27,50
2021-12-01,2021,12,Russia,10479,27,50
2021-12-01,2021,12,Japan,8465,27,50
2021-12-01,2021,12,Maldives,6231,27,50
2021-12-01,2021,12,Netherlands,5734,27,50
2021-12-01,2021,12,Switzerland,7061,27,50
2021-12-01,2021,12,Italy,5882,27,50
2021-12-01,2021,12,Canada,4110,27,50
2021-12-01,2021,12,UAE,4679,27,50
2022-01-01,2022,1,India,11551,27,50
2022-01-01,2022,1,China,8874,27,50
2022-01-01,2022,1,United Kingdom,10355,27,50
2022-01-01,2022,1,Germany,10296,27,50
2022-01-01,2022,1,France,7689,27,50
2022-01-01,2022,1,United States,6716,27,50
2022-01-01,2022,1,Australia,8330,27,50
2022-01-01,2022,1,Russia,7932,27,50
2022-01-01,2022,1,Japan,6623,27,50
2022-01-01,2022,1,Maldives,5816,27,50
2022-01-01,2022,1,Netherlands,4808,27,50
2022-01-01,2022,1,Switzerland,5534,27,50
2022-01-01,2022,1,Italy,3583,27,50
2022-01-01,2022,1,Canada,3516,27,50
2022-01-01,2022,1,UAE,3678,27,50
2022-02-01,2022,2,India,8737,27,50
2022-02-01,2022,2,China,9702,27,50
2022-02-01,2022,2,United Kingdom,10218,27,50
2022-02-01,2022,2,Germany,9257,27,50
2022-02-01,2022,2,France,8971,27,50
2022-02-01,2022,2,United States,9017,27,50
2022-02-01,2022,2,Australia,7811,27,50
2022-02-01,2022,2,Russia,7054,27,50
2022-02-01,2022,2,Japan,6141,27,50
2022-02-01,2022,2,Maldives,7080,27,50
2022-02-01,2022,2,Netherlands,5037,27,50
2022-02-01,2022,2,Switzerland,5335,27,50
2022-02-01,2022,2,Italy,4756,27,50
2022-02-01,2022,2,Canada,3487,27,50
2022-02-01,2022,2,UAE,3241,27,50
2022-03-01,2022,3,India,9385,28,50
2022-03-01,2022,3,China,11049,28,50
2022-03-01,2022,3,United Kingdom,11602,28,50
2022-03-01,2022,3,Germany,10487,28,50
2022-03-01,2022,3,France,7069,28,50
2022-03-01,2022,3,United States,9715,28,50
2022-03-01,2022,3,Australia,6665,28,50
2022-03-01,2022,3,Russia,6017,28,50
2022-03-01,2022,3,Japan,6816,28,50
2022-03-01,2022,3,Maldives,5283,28,50
2022-03-01,2022,3,Netherlands,6404,28,50
2022-03-01,2022,3,Switzerland,4212,28,50
2022-03-01,2022,3,Italy,4649,28,50
2022-03-01,2022,3,Canada,3948,28,50
2022-03-01,2022,3,UAE,3117,28,50
2022-04-01,2022,4,India,6077,28,50
2022-04-01,2022,4,China,5535,28,50
2022-04-01,2022,4,United Kingdom,6184,28,50
2022-04-01,2022,4,Germany,5355,28,50
2022-04-01,2022,4,France,4655,28,50
2022-04-01,2022,4,United States,4917,28,50
2022-04-01,2022,4,Australia,4489,28,50
2022-04-01,2022,4,Russia,3246,28,50
2022-04-01,2022,4,Japan,3089,28,50
2022-04-01,2022,4,Maldives,2917,28,50
2022-04-01,2022,4,Netherlands,3236,28,50
2022-04-01,2022,4,Switzerland,2615,28,50
2022-04-01,2022,4,Italy,2834,28,50
2022-04-01,2022,4,Canada,1822,28,50
2022-04-01,2022,4,UAE,1773,28,50
2022-05-01,2022,5,India,3506,28,250
2022-05-01,2022,5,China,3872,28,250
2022-05-01,2022,5,United Kingdom,2735,28,250
2022-05-01,2022,5,Germany,2516,28,250
2022-05-01,2022,5,France,2849,28,250
2022-05-01,2022,5,United States,2515,28,250
2022-05-01,2022,5,Australia,2771,28,250
2022-05-01,2022,5,Russia,2208,28,250
2022-05-01,2022,5,Japan,2114,28,250
2022-05-01,2022,5,Maldives,2277,28,250
2022-05-01,2022,5,Netherlands,1548,28,250
2022-05-01,2022,5,Switzerland,1879,28,250
2022-05-01,2022,5,Italy,1364,28,250
2022-05-01,2022,5,Canada,1510,28,250
2022-05-01,2022,5,UAE,1125,28,250
2022-06-01,2022,6,India,3140,26,100
2022-06-01,2022,6,China,3794,26,100
2022-06-01,2022,6,United Kingdom,3781,26,100
2022-06-01,2022,6,Germany,3400,26,100
2022-06-01,2022,6,France,3011,26,100
2022-06-01,2022,6,United States,3134,26,100
2022-06-01,2022,6,Australia,2610,26,100
2022-06-01,2022,6,Russia,2761,26,100
2022-06-01,2022,6,Japan,2471,26,100
2022-06-01,2022,6,Maldives,1642,26,100
2022-06-01,2022,6,Netherlands,1735,26,100
2022-06-01,2022,6,Switzerland,1378,26,100
2022-06-01,2022,6,Italy,1470,26,100
2022-06-01,2022,6,Canada,1326,26,100
2022-06-01,2022,6,UAE,1092,26,100
2022-07-01,2022,7,India,3247,26,50
2022-07-01,2022,7,China,3134,26,50
2022-07-01,2022,7,United Kingdom,3083,26,50
2022-07-01,2022,7,Germany,3507,26,50
2022-07-01,2022,7,France,2587,26,50
2022-07-01,2022,7,United States,2750,26,50
2022-07-01,2022,7,Australia,2278,26,50
2022-07-01,2022,7,Russia,2039,26,50
2022-07-01,2022,7,Japan,2460,26,50
2022-07-01,2022,7,Maldives,1693,26,50
2022-07-01,2022,7,Netherlands,2158,26,50
2022-07-01,2022,7,Switzerland,1549,26,50
2022-07-01,2022,7,Italy,1501,26,50
2022-07-01,2022,7,Canada,1355,26,50
2022-07-01,2022,7,UAE,921,26,50
2022-08-01,2022,8,India,4082,26,50
2022-08-01,2022,8,China,3153,26,50
2022-08-01,2022,8,United Kingdom,3655,26,50
2022-08-01,2022,8,Germany,2522,26,50
2022-08-01,2022,8,France,2665,26,50
2022-08-01,2022,8,United States,3061,26,50
2022-08-01,2022,8,Australia,2953,26,50
2022-08-01,2022,8,Russia,2598,26,50
2022-08-01,2022,8,Japan,2344,26,50
2022-08-01,2022,8,Maldives,2233,26,50
2022-08-01,2022,8,Netherlands,1533,26,50
2022-08-01,2022,8,Switzerland,1744,26,50
2022-08-01,2022,8,Italy,1592,26,50
2022-08-01,2022,8,Canada,1147,26,50
2022-08-01,2022,8,UAE,964,26,50
2022-09-01,2022,9,India,4278,27,100
2022-09-01,2022,9,China,3093,27,100
2022-09-01,2022,9,United Kingdom,2826,27,100
2022-09-01,2022,9,Germany,3040,27,100
2022-09-01,2022,9,France,3307,27,100
2022-09-01,2022,9,United States,3089,27,100
2022-09-01,2022,9,Australia,2494,27,100
2022-09-01,2022,9,Russia,2347,27,100
2022-09-01,2022,9,Japan,1910,27,100
2022-09-01,2022,9,Maldives,2262,27,100
2022-09-01,2022,9,Netherlands,2028,27,100
2022-09-01,2022,9,Switzerland,1681,27,100
2022-09-01,2022,9,Italy,1329,27,100
2022-09-01,2022,9,Canada,1350,27,100
2022-09-01,2022,9,UAE,1116,27,100
2022-10-01,2022,10,India,6866,27,250
2022-10-01,2022,10,China,5287,27,250
2022-10-01,2022,10,United Kingdom,6105,27,250
2022-10-01,2022,10,Germany,5665,27,250
2022-10-01,2022,10,France,5400,27,250
2022-10-01,2022,10,United States,3697,27,250
2022-10-01,2022,10,Australia,4478,27,250
2022-10-01,2022,10,Russia,3991,27,250
2022-10-01,2022,10,Japan,2896,27,250
2022-10-01,2022,10,Maldives,3301,27,250
2022-10-01,2022,10,Netherlands,2723,27,250
2022-10-01,2022,10,Switzerland,2278,27,250
2022-10-01,2022,10,Italy,2384,27,250
2022-10-01,2022,10,Canada,2412,27,250
2022-10-01,2022,10,UAE,2033,27,250
2022-11-01,2022,11,India,6292,27,250
2022-11-01,2022,11,China,5182,27,250
2022-11-01,2022,11,United Kingdom,5117,27,250
2022-11-01,2022,11,Germany,5492,27,250
2022-11-01,2022,11,France,4121,27,250
2022-11-01,2022,11,United States,4022,27,250
2022-11-01,2022,11,Australia,3511,27,250
2022-11-01,2022,11,Russia,3767,27,250
2022-11-01,2022,11,Japan,3220,27,250
2022-11-01,2022,11,Maldives,3807,27,250
2022-11-01,2022,11,Netherlands,3176,27,250
2022-11-01,2022,11,Switzerland,2653,27,250
2022-11-01,2022,11,Italy,2056,27,250
2022-11-01,2022,11,Canada,2431,27,250
2022-11-01,2022,11,UAE,1890,27,250
2022-12-01,2022,12,India,9922,27,50
2022-12-01,2022,12,China,9605,27,50
2022-12-01,2022,12,United Kingdom,11561,27,50
2022-12-01,2022,12,Germany,8953,27,50
2022-12-01,2022,12,France,9452,27,50
2022-12-01,2022,12,United States,9669,27,50
2022-12-01,2022,12,Australia,8574,27,50
2022-12-01,2022,12,Russia,7799,27,50
2022-12-01,2022,12,Japan,6562,27,50
2022-12-01,2022,12,Maldives,5253,27,50
2022-12-01,2022,12,Netherlands,4728,27,50
2022-12-01,2022,12,Switzerland,4182,27,50
2022-12-01,2022,12,Italy,4989,27,50
2022-12-01,2022,12,Canada,4150,27,50
2022-12-01,2022,12,UAE,3537,27,50
2023-01-01,2023,1,India,18239,27,50
2023-01-01,2023,1,China,19683,27,50
2023-01-01,2023,1,United Kingdom,13289,27,50
2023-01-01,2023,1,Germany,15293,27,50
2023-01-01,2023,1,France,14392,27,50
2023-01-01,2023,1,United States,12892,27,50
2023-01-01,2023,1,Australia,13549,27,50
2023-01-01,2023,1,Russia,13316,27,50
2023-01-01,2023,1,Japan,10370,27,50
2023-01-01,2023,1,Maldives,7694,27,50
2023-01-01,2023,1,Netherlands,7695,27,50
2023-01-01,2023,1,Switzerland,7999,27,50
2023-01-01,2023,1,Italy,6413,27,50
2023-01-01,2023,1,Canada,5093,27,50
2023-01-01,2023,1,UAE,6211,27,50
2023-02-01,2023,2,India,19968,27,50
2023-02-01,2023,2,China,14536,27,50
2023-02-01,2023,2,United Kingdom,17586,27,50
2023-02-01,2023,2,Germany,14380,27,50
2023-02-01,2023,2,France,16718,27,50
2023-02-01,2023,2,United States,15013,27,50
2023-02-01,2023,2,Australia,15369,27,50
2023-02-01,2023,2,Russia,11713,27,50
2023-02-01,2023,2,Japan,11139,27,50
2023-02-01,2023,2,Maldives,10791,27,50
2023-02-01,2023,2,Netherlands,8770,27,50
2023-02-01,2023,2,Switzerland,7457,27,50
2023-02-01,2023,2,Italy,7631,27,50
2023-02-01,2023,2,Canada,7564,27,50
2023-02-01,2023,2,UAE,6397,27,50
2023-03-01,2023,3,India,15879,28,50
2023-03-01,2023,3,China,19022,28,50
2023-03-01,2023,3,United Kingdom,15271,28,50
2023-03-01,2023,3,Germany,14915,28,50
2023-03-01,2023,3,France,13041,28,50
2023-03-01,2023,3,United States,16027,28,50
2023-03-01,2023,3,Australia,13382,28,50
2023-03-01,2023,3,Russia,14164,28,50
2023-03-01,2023,3,Japan,13067,28,50
2023-03-01,2023,3,Maldives,11559,28,50
2023-03-01,2023,3,Netherlands,10386,28,50
2023-03-01,2023,3,Switzerland,10568,28,50
2023-03-01,2023,3,Italy,7387,28,50
2023-03-01,2023,3,Canada,5689,28,50
2023-03-01,2023,3,UAE,4817,28,50
2023-04-01,2023,4,India,11317,28,50
2023-04-01,2023,4,China,9118,28,50
2023-04-01,2023,4,United Kingdom,8627,28,50
2023-04-01,2023,4,Germany,9245,28,50
2023-04-01,2023,4,France,8745,28,50
2023-04-01,2023,4,United States,8594,28,50
2023-04-01,2023,4,Australia,9513,28,50
2023-04-01,2023,4,Russia,6282,28,50
2023-04-01,2023,4,Japan,6657,28,50
2023-04-01,2023,4,Maldives,6682,28,50
2023-04-01,2023,4,Netherlands,6405,28,50
2023-04-01,2023,4,Switzerland,6108,28,50
2023-04-01,2023,4,Italy,5355,28,50
2023-04-01,2023,4,Canada,3612,28,50
2023-04-01,2023,4,UAE,4023,28,50
2023-05-01,2023,5,India,8250,28,250
2023-05-01,2023,5,China,5821,28,250
2023-05-01,2023,5,United Kingdom,6476,28,250
2023-05-01,2023,5,Germany,6692,28,250
2023-05-01,2023,5,France,6231,28,250
2023-05-01,2023,5,United States,5337,28,250
2023-05-01,2023,5,Australia,5547,28,250
2023-05-01,2023,5,Russia,4214,28,250
2023-05-01,2023,5,Japan,4521,28,250
2023-05-01,2023,5,Maldives,3471,28,250
2023-05-01,2023,5,Netherlands,4214,28,250
2023-05-01,2023,5,Switzerland,3440,28,250
2023-05-01,2023,5,Italy,2813,28,250
2023-05-01,2023,5,Canada,2382,28,250
2023-05-01,2023,5,UAE,1990,28,250
2023-06-01,2023,6,India,6340,26,100
2023-06-01,2023,6,China,6342,26,100
2023-06-01,2023,6,United Kingdom,7728,26,100
2023-06-01,2023,6,Germany,7291,26,100
2023-06-01,2023,6,France,5277,26,100
2023-06-01,2023,6,United States,5856,26,100
2023-06-01,2023,6,Australia,4573,26,100
2023-06-01,2023,6,Russia,4436,26,100
2023-06-01,2023,6,Japan,4744,26,100
2023-06-01,2023,6,Maldives,3960,26,100
2023-06-01,2023,6,Netherlands,3249,26,100
2023-06-01,2023,6,Switzerland,2938,26,100
2023-06-01,2023,6,Italy,3426,26,100
2023-06-01,2023,6,Canada,2963,26,100
2023-06-01,2023,6,UAE,2652,26,100
2023-07-01,2023,7,India,8645,26,50
2023-07-01,2023,7,China,7598,26,50
2023-07-01,2023,7,United Kingdom,8209,26,50
2023-07-01,2023,7,Germany,6366,26,50
2023-07-01,2023,7,France,6246,26,50
2023-07-01,2023,7,United States,4834,26,50
2023-07-01,2023,7,Australia,4897,26,50
2023-07-01,2023,7,Russia,6214,26,50
2023-07-01,2023,7,Japan,4598,26,50
2023-07-01,2023,7,Maldives,3851,26,50
2023-07-01,2023,7,Netherlands,4039,26,50
2023-07-01,2023,7,Switzerland,3264,26,50
2023-07-01,2023,7,Italy,3337,26,50
2023-07-01,2023,7,Canada,3291,26,50
2023-07-01,2023,7,UAE,2082,26,50
2023-08-01,2023,8,India,7697,26,50
2023-08-01,2023,8,China,8830,26,50
2023-08-01,2023,8,United Kingdom,6832,26,50
2023-08-01,2023,8,Germany,6734,26,50
2023-08-01,2023,8,France,5788,26,50
2023-08-01,2023,8,United States,6141,26,50
2023-08-01,2023,8,Australia,6325,26,50
2023-08-01,2023,8,Russia,6040,26,50
2023-08-01,2023,8,Japan,5166,26,50
2023-08-01,2023,8,Maldives,4880,26,50
2023-08-01,2023,8,Netherlands,3639,26,50
2023-08-01,2023,8,Switzerland,4228,26,50
2023-08-01,2023,8,Italy,2741,26,50
2023-08-01,2023,8,Canada,3218,26,50
2023-08-01,2023,8,UAE,2591,26,50
2023-09-01,2023,9,India,9911,27,100
2023-09-01,2023,9,China,9960,27,100
2023-09-01,2023,9,United Kingdom,7909,27,100
2023-09-01,2023,9,Germany,6702,27,100
2023-09-01,2023,9,France,5975,27,100
2023-09-01,2023,9,United States,7418,27,100
2023-09-01,2023,9,Australia,6067,27,100
2023-09-01,2023,9,Russia,6427,27,100
2023-09-01,2023,9,Japan,4357,27,100
2023-09-01,2023,9,Maldives,5423,27,100
2023-09-01,2023,9,Netherlands,4432,27,100
2023-09-01,2023,9,Switzerland,4600,27,100
2023-09-01,2023,9,Italy,3195,27,100
2023-09-01,2023,9,Canada,3615,27,100
2023-09-01,2023,9,UAE,2630,27,100
2023-10-01,2023,10,India,13481,27,250
2023-10-01,2023,10,China,16417,27,250
2023-10-01,2023,10,United Kingdom,11883,27,250
2023-10-01,2023,10,Germany,14336,27,250
2023-10-01,2023,10,France,12718,27,250
2023-10-01,2023,10,United States,10749,27,250
2023-10-01,2023,10,Australia,9796,27,250
2023-10-01,2023,10,Russia,8167,27,250
2023-10-01,2023,10,Japan,9798,27,250
2023-10-01,2023,10,Maldives,7336,27,250
2023-10-01,2023,10,Netherlands,6842,27,250
2023-10-01,2023,10,Switzerland,6367,27,250
2023-10-01,2023,10,Italy,5047,27,250
2023-10-01,2023,10,Canada,4494,27,250
2023-10-01,2023,10,UAE,4358,27,250
2023-11-01,2023,11,India,17870,27,250
2023-11-01,2023,11,China,17752,27,250
2023-11-01,2023,11,United Kingdom,11778,27,250
2023-11-01,2023,11,Germany,15269,27,250
2023-11-01,2023,11,France,13416,27,250
2023-11-01,2023,11,United States,10987,27,250
2023-11-01,2023,11,Australia,12504,27,250
2023-11-01,2023,11,Russia,9601,27,250
2023-11-01,2023,11,Japan,8659,27,250
2023-11-01,2023,11,Maldives,8319,27,250
2023-11-01,2023,11,Netherlands,7512,27,250
2023-11-01,2023,11,Switzerland,6954,27,250
2023-11-01,2023,11,Italy,5192,27,250
2023-11-01,2023,11,Canada,5059,27,250
2023-11-01,2023,11,UAE,4410,27,250
2023-12-01,2023,12,India,26511,27,50
2023-12-01,2023,12,China,32064,27,50
2023-12-01,2023,12,United Kingdom,31040,27,50
2023-12-01,2023,12,Germany,20286,27,50
2023-12-01,2023,12,France,22133,27,50
2023-12-01,2023,12,United States,18383,27,50
2023-12-01,2023,12,Australia,16789,27,50
2023-12-01,2023,12,Russia,21813,27,50
2023-12-01,2023,12,Japan,18897,27,50
2023-12-01,2023,12,Maldives,15500,27,50
2023-12-01,2023,12,Netherlands,15581,27,50
2023-12-01,2023,12,Switzerland,14232,27,50
2023-12-01,2023,12,Italy,14057,27,50
2023-12-01,2023,12,Canada,11703,27,50
2023-12-01,2023,12,UAE,7362,27,50
2024-01-01,2024,1,India,30427,27,50
2024-01-01,2024,1,China,36208,27,50
2024-01-01,2024,1,United Kingdom,30537,27,50
2024-01-01,2024,1,Germany,26412,27,50
2024-01-01,2024,1,France,26434,27,50
2024-01-01,2024,1,United States,20048,27,50
2024-01-01,2024,1,Australia,26850,27,50
2024-01-01,2024,1,Russia,20435,27,50
2024-01-01,2024,1,Japan,16117,27,50
2024-01-01,2024,1,Maldives,18863,27,50
2024-01-01,2024,1,Netherlands,18455,27,50
2024-01-01,2024,1,Switzerland,12582,27,50
2024-01-01,2024,1,Italy,12573,27,50
2024-01-01,2024,1,Canada,11135,27,50
2024-01-01,2024,1,UAE,10567,27,50
2024-02-01,2024,2,India,26314,27,50
2024-02-01,2024,2,China,29545,27,50
2024-02-01,2024,2,United Kingdom,29970,27,50
2024-02-01,2024,2,Germany,30713,27,50
2024-02-01,2024,2,France,24872,27,50
2024-02-01,2024,2,United States,27560,27,50
2024-02-01,2024,2,Australia,20354,27,50
2024-02-01,2024,2,Russia,19151,27,50
2024-02-01,2024,2,Japan,22616,27,50
2024-02-01,2024,2,Maldives,16298,27,50
2024-02-01,2024,2,Netherlands,14122,27,50
2024-02-01,2024,2,Switzerland,16213,27,50
2024-02-01,2024,2,Italy,14639,27,50
2024-02-01,2024,2,Canada,12046,27,50
2024-02-01,2024,2,UAE,11425,27,50
2024-03-01,2024,3,India,37075,28,50
2024-03-01,2024,3,China,30654,28,50
2024-03-01,2024,3,United Kingdom,27485,28,50
2024-03-01,2024,3,Germany,31656,28,50
2024-03-01,2024,3,France,26529,28,50
2024-03-01,2024,3,United States,26524,28,50
2024-03-01,2024,3,Australia,23923,28,50
2024-03-01,2024,3,Russia,24543,28,50
2024-03-01,2024,3,Japan,16584,28,50
2024-03-01,2024,3,Maldives,17458,28,50
2024-03-01,2024,3,Netherlands,18803,28,50
2024-03-01,2024,3,Switzerland,15265,28,50
2024-03-01,2024,3,Italy,11012,28,50
2024-03-01,2024,3,Canada,11146,28,50
2024-03-01,2024,3,UAE,8597,28,50
2024-04-01,2024,4,India,18338,28,50
2024-04-01,2024,4,China,16335,28,50
2024-04-01,2024,4,United Kingdom,13041,28,50
2024-04-01,2024,4,Germany,12771,28,50
2024-04-01,2024,4,France,12827,28,50
2024-04-01,2024,4,United States,15680,28,50
2024-04-01,2024,4,Australia,11156,28,50
2024-04-01,2024,4,Russia,13413,28,50
2024-04-01,2024,4,Japan,9427,28,50
2024-04-01,2024,4,Maldives,8796,28,50
2024-04-01,2024,4,Netherlands,8758,28,50
2024-04-01,2024,4,Switzerland,7943,28,50
2024-04-01,2024,4,Italy,8588,28,50
2024-04-01,2024,4,Canada,5392,28,50
2024-04-01,2024,4,UAE,5164,28,50
2024-05-01,2024,5,India,11372,28,250
2024-05-01,2024,5,China,12104,28,250
2024-05-01,2024,5,United Kingdom,9808,28,250
2024-05-01,2024,5,Germany,8707,28,250
2024-05-01,2024,5,France,8658,28,250
2024-05-01,2024,5,United States,6685,28,250
2024-05-01,2024,5,Australia,7684,28,250
2024-05-01,2024,5,Russia,8306,28,250
2024-05-01,2024,5,Japan,6396,28,250
2024-05-01,2024,5,Maldives,6503,28,250
2024-05-01,2024,5,Netherlands,5637,28,250
2024-05-01,2024,5,Switzerland,5316,28,250
2024-05-01,2024,5,Italy,3592,28,250
2024-05-01,2024,5,Canada,3639,28,250
2024-05-01,2024,5,UAE,2968,28,250
2024-06-01,2024,6,India,11374,26,100
2024-06-01,2024,6,China,11481,26,100
2024-06-01,2024,6,United Kingdom,10449,26,100
2024-06-01,2024,6,Germany,9324,26,100
2024-06-01,2024,6,France,8360,26,100
2024-06-01,2024,6,United States,8148,26,100
2024-06-01,2024,6,Australia,6131,26,100
2024-06-01,2024,6,Russia,6372,26,100
2024-06-01,2024,6,Japan,6308,26,100
2024-06-01,2024,6,Maldives,4987,26,100
2024-06-01,2024,6,Netherlands,5570,26,100
2024-06-01,2024,6,Switzerland,5378,26,100
2024-06-01,2024,6,Italy,4950,26,100
2024-06-01,2024,6,Canada,3523,26,100
2024-06-01,2024,6,UAE,3603,26,100
2024-07-01,2024,7,India,10240,26,50
2024-07-01,2024,7,China,8280,26,50
2024-07-01,2024,7,United Kingdom,9500,26,50
2024-07-01,2024,7,Germany,10913,26,50
2024-07-01,2024,7,France,10259,26,50
2024-07-01,2024,7,United States,6712,26,50
2024-07-01,2024,7,Australia,6240,26,50
2024-07-01,2024,7,Russia,5803,26,50
2024-07-01,2024,7,Japan,7326,26,50
2024-07-01,2024,7,Maldives,5166,26,50
2024-07-01,2024,7,Netherlands,4633,26,50
2024-07-01,2024,7,Switzerland,4393,26,50
2024-07-01,2024,7,Italy,4635,26,50
2024-07-01,2024,7,Canada,4173,26,50
2024-07-01,2024,7,UAE,2918,26,50
2024-08-01,2024,8,India,9134,26,50
2024-08-01,2024,8,China,8815,26,50
2024-08-01,2024,8,United Kingdom,9799,26,50
2024-08-01,2024,8,Germany,9747,26,50
2024-08-01,2024,8,France,7531,26,50
2024-08-01,2024,8,United States,9427,26,50
2024-08-01,2024,8,Australia,6655,26,50
2024-08-01,2024,8,Russia,6524,26,50
2024-08-01,2024,8,Japan,7699,26,50
2024-08-01,2024,8,Maldives,5727,26,50
2024-08-01,2024,8,Netherlands,4504,26,50
2024-08-01,2024,8,Switzerland,5057,26,50
2024-08-01,2024,8,Italy,3877,26,50
2024-08-01,2024,8,Canada,3902,26,50
2024-08-01,2024,8,UAE,3032,26,50
2024-09-01,2024,9,India,12618,27,100
2024-09-01,2024,9,China,8606,27,100
2024-09-01,2024,9,United Kingdom,10817,27,100
2024-09-01,2024,9,Germany,7885,27,100
2024-09-01,2024,9,France,9366,27,100
2024-09-01,2024,9,United States,8423,27,100
2024-09-01,2024,9,Australia,9038,27,100
2024-09-01,2024,9,Russia,6850,27,100
2024-09-01,2024,9,Japan,5719,27,100
2024-09-01,2024,9,Maldives,6356,27,100
2024-09-01,2024,9,Netherlands,5434,27,100
2024-09-01,2024,9,Switzerland,3997,27,100
2024-09-01,2024,9,Italy,4937,27,100
2024-09-01,2024,9,Canada,3504,27,100
2024-09-01,2024,9,UAE,3304,27,100
2024-10-01,2024,10,India,20645,27,250
2024-10-01,2024,10,China,17660,27,250
2024-10-01,2024,10,United Kingdom,14760,27,250
2024-10-01,2024,10,Germany,12776,27,250
2024-10-01,2024,10,France,11584,27,250
2024-10-01,2024,10,United States,13428,27,250
2024-10-01,2024,10,Australia,12090,27,250
2024-10-01,2024,10,Russia,10555,27,250
2024-10-01,2024,10,Japan,8760,27,250
2024-10-01,2024,10,Maldives,9454,27,250
2024-10-01,2024,10,Netherlands,8173,27,250
2024-10-01,2024,10,Switzerland,8504,27,250
2024-10-01,2024,10,Italy,7556,27,250
2024-10-01,2024,10,Canada,7389,27,250
2024-10-01,2024,10,UAE,6097,27,250
2024-11-01,2024,11,India,19621,27,250
2024-11-01,2024,11,China,17970,27,250
2024-11-01,2024,11,United Kingdom,19252,27,250
2024-11-01,2024,11,Germany,12345,27,250
2024-11-01,2024,11,France,17076,27,250
2024-11-01,2024,11,United States,11282,27,250
2024-11-01,2024,11,Australia,14825,27,250
2024-11-01,2024,11,Russia,10796,27,250
2024-11-01,2024,11,Japan,9405,27,250
2024-11-01,2024,11,Maldives,8630,27,250
2024-11-01,2024,11,Netherlands,7429,27,250
2024-11-01,2024,11,Switzerland,7860,27,250
2024-11-01,2024,11,Italy,7604,27,250
2024-11-01,2024,11,Canada,5562,27,250
2024-11-01,2024,11,UAE,4471,27,250
